City_ID,City,Lat,Lng,Max Temp,Humidity,Cloudiness,Wind Speed,Current Description
0,Mercedes,-34.6515,-59.4307,55.0,94,97,4.41,overcast clouds
1,Rikitea,-23.1203,-134.9692,77.25,77,27,6.02,light rain
2,Talnakh,69.4865,88.3972,12.61,85,98,9.37,overcast clouds
3,Hobart,-42.8794,147.3294,62.6,45,20,19.57,few clouds
4,East London,-33.0153,27.9116,64.4,63,0,5.75,clear sky
5,Castro,-24.7911,-50.0119,54.7,96,39,2.37,scattered clouds
6,Ushuaia,-54.8,-68.3,42.8,93,90,8.05,overcast clouds
7,Qaanaaq,77.484,-69.3632,27.88,64,6,9.75,clear sky
8,Pathein,16.7833,94.7333,98.91,31,59,11.03,broken clouds
9,Kuusamo,65.9667,29.1833,30.2,74,75,11.5,broken clouds
10,Pangkalanbuun,-2.6833,111.6167,86.59,69,53,4.45,light rain
11,Coos Bay,43.3665,-124.2179,46.4,93,90,5.75,overcast clouds
12,Punta Arenas,-53.15,-70.9167,42.8,100,90,8.05,light rain
13,Tura,25.5198,90.2201,99.79,15,59,7.18,broken clouds
14,Atuona,-9.8,-139.0333,80.24,71,63,19.35,broken clouds
15,Vaini,-21.2,-175.2,78.8,89,75,3.44,light rain
16,Lorengau,-2.0226,147.2712,83.8,73,74,2.68,broken clouds
17,Dunedin,-45.8742,170.5036,46.0,75,84,24.0,broken clouds
18,Albany,42.6001,-73.9662,41.0,56,47,3.0,scattered clouds
19,Faya,18.3851,42.4509,73.4,42,40,4.12,scattered clouds
20,Whitehorse,60.7161,-135.0538,48.2,27,1,6.91,clear sky
21,New Norfolk,-42.7826,147.0587,60.01,76,100,4.0,overcast clouds
22,Krasnoselkup,65.7,82.4667,29.28,84,22,10.71,few clouds
23,Bethel,41.3712,-73.414,48.2,43,1,14.97,clear sky
24,Mataura,-46.1927,168.8643,46.99,62,96,17.0,overcast clouds
25,Kapaa,22.0752,-159.319,73.4,78,75,17.27,broken clouds
26,Ancud,-41.8697,-73.8203,52.0,100,90,4.61,fog
27,Saint-Philippe,-21.3585,55.7679,82.4,65,0,18.41,light rain
28,Tasiilaq,65.6145,-37.6368,39.2,70,75,16.11,broken clouds
29,Avarua,-21.2078,-159.775,77.0,83,79,2.3,broken clouds
30,Puerto Ayora,-0.7393,-90.3518,74.35,89,4,5.97,clear sky
31,Barrow,71.2906,-156.7887,19.4,79,1,11.5,clear sky
32,Kasempa,-13.4584,25.8338,65.03,70,76,3.91,broken clouds
33,Andenes,69.3143,16.1194,37.4,60,75,12.66,broken clouds
34,Port Alfred,-33.5906,26.891,73.85,43,97,7.05,overcast clouds
35,Ahipara,-35.1667,173.1667,58.5,78,44,6.82,scattered clouds
36,Nishihara,26.1842,127.7558,82.4,60,40,10.36,scattered clouds
37,Sao Filipe,14.8961,-24.4956,71.24,72,65,7.43,broken clouds
38,Obidos,-1.9175,-55.5181,73.98,96,99,3.27,overcast clouds
39,Ostrovnoy,68.0531,39.5131,31.59,93,100,22.86,light snow
40,Hofn,64.2539,-15.2082,42.39,71,8,9.86,clear sky
41,Vestmannaeyjar,63.4427,-20.2734,44.35,84,6,4.45,clear sky
42,Bedele,8.456,36.353,57.42,96,100,0.31,moderate rain
43,Sassandra,4.95,-6.0833,75.33,88,96,4.47,overcast clouds
44,Chuy,-33.6971,-53.4616,60.21,73,57,8.28,broken clouds
45,Kodiak,57.79,-152.4072,42.8,75,1,9.22,clear sky
46,Kiama,-34.6833,150.8667,66.99,69,0,3.0,clear sky
47,Malakal,9.5334,31.6605,77.86,72,100,5.61,overcast clouds
48,Busselton,-33.65,115.3333,75.99,54,99,3.0,overcast clouds
49,Cape Town,-33.9258,18.4232,62.01,94,20,6.91,few clouds
50,Vanimo,-2.6741,141.3028,83.97,65,90,4.59,overcast clouds
51,Richards Bay,-28.783,32.0377,68.56,77,4,3.13,clear sky
52,Hilo,19.7297,-155.09,71.6,83,90,5.75,light rain
53,Chivilcoy,-34.8957,-60.0167,54.0,65,100,1.01,overcast clouds
54,Batticaloa,7.7102,81.6924,86.32,65,88,6.96,overcast clouds
55,San Carlos Del Zulia,9.0,-71.9135,75.45,85,66,4.72,broken clouds
56,Sur,22.5667,59.5289,93.24,31,86,2.51,overcast clouds
57,Takayama,36.1333,137.25,55.0,40,20,16.11,few clouds
58,Yellowknife,62.456,-114.3525,5.0,72,90,13.8,light snow
59,Constitucion,-35.3333,-72.4167,56.08,75,0,7.2,clear sky
60,Ambanja,-13.6833,48.45,80.92,66,82,1.07,broken clouds
61,Jiexiu,37.0244,111.9125,69.49,32,41,11.9,scattered clouds
62,Abu Dhabi,24.4667,54.3667,96.8,16,0,5.75,clear sky
63,Vista Hermosa,19.5167,-99.2167,66.2,55,75,5.75,broken clouds
64,Faanui,-16.4833,-151.75,81.3,66,26,3.56,scattered clouds
65,Lebu,-37.6167,-73.65,53.58,94,26,9.75,scattered clouds
66,Biltine,14.5333,20.9167,86.56,15,80,11.05,broken clouds
67,Flinders,-34.5833,150.8552,66.99,69,0,3.0,clear sky
68,Thompson,55.7435,-97.8558,26.6,100,90,2.3,light snow
69,Mazagao,-0.115,-51.2894,77.0,100,90,3.44,fog
70,Dingle,10.9995,122.6711,86.38,62,54,12.68,light rain
71,Arkhangelskoye,55.8549,35.3287,37.71,64,11,11.43,few clouds
72,Tuktoyaktuk,69.4541,-133.0374,12.2,85,90,12.66,light snow
73,Hay River,60.8156,-115.7999,15.8,86,100,10.36,light snow
74,Eldorado,-23.7869,-54.2836,61.14,91,56,4.63,broken clouds
75,Tungor,53.3808,142.9564,32.25,56,2,2.21,clear sky
76,Reguengos De Monsaraz,38.4253,-7.5349,55.4,100,90,6.91,fog
77,Bredasdorp,-34.5322,20.0403,50.0,93,49,1.36,fog
78,Andilamena,-17.0167,48.5833,69.06,82,99,7.9,overcast clouds
79,Alofi,-19.0595,-169.9187,77.0,94,90,1.14,overcast clouds
80,Bluff,-46.6,168.3333,46.99,62,79,17.0,broken clouds
81,Mar Del Plata,-38.0023,-57.5575,60.01,82,75,3.44,broken clouds
82,Hermanus,-34.4187,19.2345,61.0,89,0,5.01,clear sky
83,Mao,39.8885,4.2658,59.0,88,40,12.66,scattered clouds
84,Port Blair,11.6667,92.75,87.24,61,50,3.18,scattered clouds
85,Korla,41.7597,86.1469,60.01,16,53,5.59,broken clouds
86,Gerash,27.6652,54.1371,86.0,16,0,1.79,clear sky
87,Skjervoy,70.0311,20.9714,33.8,80,75,4.61,light snow
88,Kurilsk,45.2333,147.8833,31.59,70,7,12.64,clear sky
89,Port Elizabeth,-33.918,25.5701,59.0,88,0,2.3,clear sky
90,Udachnyy,66.4167,112.4,17.38,80,100,25.93,overcast clouds
91,Minatitlan,17.9833,-94.5167,74.91,93,57,2.68,broken clouds
92,Broome,42.2506,-75.833,37.0,69,90,20.71,overcast clouds
93,Comodoro Rivadavia,-45.8667,-67.5,57.2,58,0,8.05,clear sky
94,Georgetown,5.4112,100.3354,89.6,66,40,10.36,scattered clouds
95,Innisfail,-17.5333,146.0333,73.83,92,100,13.22,overcast clouds
96,Jamestown,42.097,-79.2353,30.99,86,90,9.22,overcast clouds
97,Garoua,9.3,13.4,85.35,40,26,1.74,scattered clouds
98,Izhma,65.0083,53.9113,41.18,89,99,6.2,overcast clouds
99,Tupa,-21.9347,-50.5136,67.53,62,92,5.26,overcast clouds
100,Egvekinot,66.3167,-179.1667,24.84,91,28,1.05,scattered clouds
101,Tiksi,71.6872,128.8694,24.55,94,100,14.34,light snow
102,Poronaysk,49.2167,143.1167,35.26,71,89,9.46,overcast clouds
103,Yar-Sale,66.8333,70.8333,33.85,100,100,15.08,overcast clouds
104,Cherskiy,68.75,161.3,21.31,80,71,6.38,broken clouds
105,Yakeshi,49.2833,120.7333,62.69,39,100,17.18,overcast clouds
106,Omsukchan,62.5333,155.8,20.77,70,100,2.95,overcast clouds
107,Longyearbyen,78.2186,15.6401,17.6,62,40,6.91,scattered clouds
108,Kensington,-33.9167,151.2167,69.01,56,20,10.36,few clouds
109,Coolum Beach,-26.5333,153.1,73.99,73,30,9.89,scattered clouds
110,Puerto Escondido,15.85,-97.0667,80.98,81,44,6.76,scattered clouds
111,Mehamn,71.0357,27.8492,35.6,80,75,11.5,broken clouds
112,Tauramena,5.0183,-72.7492,78.67,61,67,2.55,broken clouds
113,Capinzal,-27.3436,-51.6119,55.58,98,69,1.77,broken clouds
114,Beisfjord,68.3751,17.5988,35.6,75,75,2.3,light snow
115,Butaritari,3.0707,172.7902,82.54,76,15,12.75,light rain
116,Filingue,14.3521,3.3168,85.89,31,24,9.42,few clouds
117,Futog,45.2419,19.707,52.0,71,0,8.05,clear sky
118,Deputatskiy,69.3,139.9,28.9,81,71,3.31,broken clouds
119,Reconquista,-29.15,-59.65,50.5,78,0,4.88,clear sky
120,Waipawa,-41.4122,175.5153,59.0,55,11,13.8,few clouds
121,Kavieng,-2.5744,150.7967,83.89,68,97,4.72,overcast clouds
122,Vardo,70.3705,31.1107,35.6,69,0,8.05,clear sky
123,Rakek,45.8133,14.3111,46.0,75,100,5.99,overcast clouds
124,Half Moon Bay,37.4636,-122.4286,50.0,92,52,5.12,broken clouds
125,Haines Junction,60.7522,-137.5108,39.2,45,0,5.75,clear sky
126,Rundu,-17.9333,19.7667,60.51,43,1,5.44,clear sky
127,Geraldton,-28.7667,114.6,86.0,26,35,12.66,scattered clouds
128,Saldanha,-33.0117,17.9442,59.0,94,10,10.36,clear sky
129,Dhidhdhoo,6.8833,73.1,84.33,71,12,4.63,few clouds
130,Ponta Do Sol,32.6667,-17.1,57.99,80,33,1.99,scattered clouds
131,Tuatapere,-46.1333,167.6833,46.99,62,95,17.0,overcast clouds
132,Hasaki,35.7333,140.8333,66.99,33,20,13.8,few clouds
133,Victoria,22.2855,114.1577,77.0,76,100,5.01,overcast clouds
134,Porto Novo,6.4965,2.6036,82.4,83,40,6.91,scattered clouds
135,Dikson,73.5069,80.5464,21.58,93,100,23.89,light snow
136,Urumqi,43.801,87.6005,57.2,15,0,2.24,clear sky
137,Khatanga,71.9667,102.5,17.58,86,99,17.05,overcast clouds
138,Ylivieska,64.0833,24.55,32.0,93,100,4.0,overcast clouds
139,Shaowu,27.3409,117.4831,72.01,74,97,2.57,light rain
140,Upernavik,72.7868,-56.1549,28.15,73,58,3.36,broken clouds
141,Goderich,43.7501,-81.7165,24.8,86,35,4.61,scattered clouds
142,San Policarpo,12.1791,125.5072,82.02,65,18,11.48,few clouds
143,Severo-Kurilsk,50.6789,156.125,31.3,94,100,15.88,light snow
144,Nouakchott,18.0858,-15.9785,64.4,77,0,13.8,clear sky
145,Batagay,67.6333,134.6333,33.22,99,100,6.04,overcast clouds
146,Sobolevo,54.4299,31.8996,37.33,65,15,8.43,few clouds
147,Bambous Virieux,-20.3428,57.7575,78.8,83,75,14.97,light rain
148,Pangnirtung,66.1451,-65.7125,28.94,80,99,6.13,overcast clouds
149,Conchas,-23.0153,-48.0106,67.75,56,89,1.68,overcast clouds
150,Aljezur,37.3191,-8.8033,58.96,89,86,9.6,overcast clouds
151,Ilulissat,69.2167,-51.1,48.2,43,75,18.41,broken clouds
152,Nikolskoye,59.7035,30.7861,39.99,93,90,11.18,overcast clouds
153,Manggar,-2.8833,108.2667,86.32,62,24,9.84,few clouds
154,Lewisburg,35.4492,-86.7889,52.0,100,1,3.24,clear sky
155,Olafsvik,64.8945,-23.7142,39.47,85,22,11.32,few clouds
156,Canaries,28.0,-15.5,64.0,72,40,4.61,scattered clouds
157,Te Anau,-45.4167,167.7167,41.65,83,80,4.68,broken clouds
158,Benghazi,32.1167,20.0667,62.19,76,1,7.16,clear sky
159,Moose Factory,51.2585,-80.6094,17.6,79,1,2.3,clear sky
160,Kongolo,-5.3833,27.0,74.21,87,94,1.05,overcast clouds
161,Margate,51.3813,1.3862,44.01,66,12,5.99,few clouds
162,College,64.8569,-147.8028,53.6,30,20,3.44,few clouds
163,Asau,46.4333,26.4,37.99,65,84,0.85,broken clouds
164,Ritchie,-29.038,24.6028,62.6,39,0,6.53,clear sky
165,Ankazobe,-18.3167,47.1167,69.8,68,75,9.22,broken clouds
166,Gat,31.61,34.7642,68.0,34,39,3.0,scattered clouds
167,Airai,-8.9266,125.4092,73.15,44,32,3.06,scattered clouds
168,Lircay,-12.9896,-74.7205,47.34,87,77,1.92,broken clouds
169,Giyani,-23.3025,30.7187,67.19,65,0,3.13,clear sky
170,Katsuura,35.1333,140.3,66.99,22,20,16.11,few clouds
171,Singaraja,-8.112,115.0882,86.31,63,4,2.8,clear sky
172,Adre,13.4667,22.2,82.11,27,70,6.06,broken clouds
173,Posse,-14.0931,-46.3694,71.02,78,100,2.89,overcast clouds
174,Iqaluit,63.7506,-68.5145,32.0,93,90,4.52,light snow
175,Riachao Das Neves,-11.7461,-44.91,68.4,93,96,0.67,overcast clouds
176,Panuco,22.05,-98.1667,75.99,97,100,5.01,overcast clouds
177,Trincomalee,8.5711,81.2335,83.97,70,54,11.16,broken clouds
178,Cidreira,-30.1811,-50.2056,61.21,73,37,14.32,scattered clouds
179,Ribeira Grande,38.5167,-28.7,57.2,77,20,9.22,few clouds
180,Pampa,35.5362,-100.9599,71.6,26,1,17.27,clear sky
181,Trairi,-3.2778,-39.2689,74.28,84,13,5.93,few clouds
182,Shubarkuduk,49.1447,56.4872,56.26,65,100,15.12,overcast clouds
183,Torbay,47.6666,-52.7314,42.8,56,40,18.41,scattered clouds
184,Fairbanks,64.8378,-147.7164,53.6,40,1,3.15,clear sky
185,Adrar,20.5022,-10.0711,74.34,23,36,9.33,scattered clouds
186,Hamilton,39.1834,-84.5333,46.4,87,1,2.95,clear sky
187,Lavrentiya,65.5833,-171.0,29.41,92,95,2.71,overcast clouds
188,Port Augusta,-32.5,137.7667,69.8,60,2,10.36,clear sky
189,Makrana,27.05,74.7167,98.37,6,0,6.04,clear sky
190,Vilcun,-38.65,-72.2333,50.0,100,90,2.3,overcast clouds
191,Hovd,48.0056,91.6419,39.94,16,5,5.01,clear sky
192,Xining,36.6167,101.7667,52.16,37,69,5.86,broken clouds
193,Samarai,-10.6167,150.6667,84.78,71,79,14.63,broken clouds
194,Wanning,18.8003,110.3967,84.27,70,96,12.26,moderate rain
195,San Patricio,28.017,-97.5169,71.6,88,90,9.22,overcast clouds
196,Bowen,-20.0167,148.2333,75.2,64,90,16.11,overcast clouds
197,Clyde River,70.4692,-68.5914,23.0,100,90,11.5,overcast clouds
198,Mersing,2.4312,103.8405,87.8,79,40,8.05,scattered clouds
199,Kothi,24.75,80.7833,100.11,7,27,9.42,scattered clouds
200,Traverse City,44.7631,-85.6206,35.6,60,90,4.61,overcast clouds
201,Parvatsar,26.8833,74.7667,98.2,6,0,5.77,clear sky
202,The Valley,18.217,-63.0578,78.8,73,40,8.05,scattered clouds
203,Hithadhoo,-0.6,73.0833,82.87,67,66,4.0,broken clouds
204,Alyangula,-13.8483,136.4192,77.0,100,75,3.44,moderate rain
205,Aklavik,68.2191,-135.0107,12.2,79,96,10.36,overcast clouds
206,Anadyr,64.75,177.4833,26.6,100,75,6.71,fog
207,Arraial Do Cabo,-22.9661,-42.0278,73.04,89,49,6.06,scattered clouds
208,Port Hedland,-20.3167,118.5667,89.6,29,0,13.8,clear sky
209,Lodwar,3.1191,35.5973,83.57,52,100,3.44,overcast clouds
210,Dorado,18.4588,-66.2677,73.0,86,10,4.38,clear sky
211,Maryville,35.7565,-83.9705,48.2,87,1,3.44,clear sky
212,Chipinge,-20.1883,32.6236,71.76,40,0,1.5,clear sky
213,Chapais,49.7834,-74.8492,21.2,93,90,14.97,overcast clouds
214,San Quintin,30.4833,-115.95,56.61,86,28,11.52,scattered clouds
215,Oranjemund,-28.55,16.4333,63.36,80,99,6.33,overcast clouds
216,Zagare,56.3592,23.25,35.6,80,90,11.5,overcast clouds
217,Buin,-33.7333,-70.75,64.99,81,0,2.98,clear sky
218,Klaksvik,62.2266,-6.589,44.6,87,100,11.5,overcast clouds
219,Mount Gambier,-37.8333,140.7667,60.8,67,75,10.36,broken clouds
220,Yumen,40.2833,97.2,56.46,10,6,23.44,clear sky
221,Huilong,31.8111,121.655,73.99,69,4,5.01,clear sky
222,Mancheral,18.8667,79.4333,103.08,20,14,4.72,few clouds
223,Pevek,69.7008,170.3133,26.4,82,99,5.77,overcast clouds
224,Codrington,-38.2667,141.9667,59.68,69,100,11.32,overcast clouds
225,Ust-Ilimsk,58.0006,102.6619,40.32,60,97,13.27,overcast clouds
226,Karratha,-20.7377,116.8463,87.98,21,0,13.91,clear sky
227,General Roca,-39.0333,-67.5833,53.6,76,0,7.29,clear sky
228,Kununurra,-15.7667,128.7333,95.0,34,40,12.66,scattered clouds
229,Podosinovets,60.2776,47.0659,35.87,97,100,2.98,overcast clouds
230,Searcy,35.2506,-91.7363,55.99,94,1,6.55,clear sky
231,Ushirombo,-3.4919,31.9639,66.38,89,100,1.28,overcast clouds
232,Banda Aceh,5.5577,95.3222,84.09,68,98,6.51,overcast clouds
233,Ucluelet,48.9329,-125.5528,48.99,87,100,2.8,overcast clouds
234,Poum,-20.2333,164.0167,77.13,67,39,25.01,scattered clouds
235,Yulara,-25.2406,130.9889,78.8,18,0,12.66,clear sky
236,Port Macquarie,-31.4333,152.9167,68.0,70,15,6.8,few clouds
237,Agadir,30.4202,-9.5982,57.2,94,46,4.61,scattered clouds
238,Sandwick,60.0,-1.25,44.6,93,75,6.91,broken clouds
239,Raudeberg,61.9875,5.1352,39.99,59,14,4.81,few clouds
240,Vao,-22.6667,167.4833,73.94,72,37,16.73,scattered clouds
241,Gumdag,39.2061,54.5906,80.65,27,4,6.15,clear sky
242,Port Hawkesbury,45.6169,-61.3485,48.99,93,90,18.41,heavy intensity rain
243,Knysna,-34.0363,23.0471,57.2,94,0,3.44,clear sky
244,Little Current,45.9793,-81.9248,30.2,59,36,2.3,scattered clouds
245,Syamzha,60.0158,41.0614,39.58,96,100,2.95,overcast clouds
246,Bushenyi,-0.5853,30.2114,65.41,84,99,1.86,overcast clouds
247,Bonga,7.2833,36.2333,64.98,89,100,1.52,light rain
248,Sao Joao Da Barra,-21.6403,-41.0511,72.61,92,77,2.8,broken clouds
249,Samaniego,1.3385,-77.5957,62.83,94,99,3.53,light rain
250,Pascagoula,30.3658,-88.5561,55.99,94,1,7.74,clear sky
251,Isangel,-19.55,169.2667,78.8,73,75,5.75,broken clouds
252,Vila Franca Do Campo,37.7167,-25.4333,57.2,88,75,9.22,broken clouds
253,Caravelas,-17.7125,-39.2481,72.77,89,19,6.42,few clouds
254,Puerto Carreno,6.189,-67.4859,78.49,75,100,3.09,overcast clouds
255,Santa Cruz Del Norte,23.1539,-81.9236,77.0,94,20,3.44,few clouds
256,Nanortalik,60.1432,-45.2371,34.14,99,100,8.46,snow
257,Beringovskiy,63.05,179.3167,30.78,92,69,1.52,broken clouds
258,Tucurui,-3.7661,-49.6725,73.71,94,77,2.51,broken clouds
259,Sabzevar,36.2126,57.6819,82.4,20,0,16.11,clear sky
260,Inhambane,-23.865,35.3833,77.0,78,20,4.43,few clouds
261,Lagoa,39.05,-27.9833,58.77,85,100,8.32,overcast clouds
262,Tilichiki,60.4667,166.1,31.71,97,100,1.95,light snow
263,Salalah,17.0151,54.0924,87.8,62,75,10.36,broken clouds
264,Lethem,3.3803,-59.7968,75.09,88,87,9.4,overcast clouds
265,Nichinan,31.6,131.3667,64.4,45,75,8.05,broken clouds
266,Fortuna,40.5982,-124.1573,48.0,100,90,4.14,overcast clouds
267,Santa Isabel Do Rio Negro,-0.4139,-65.0192,72.86,99,99,2.15,overcast clouds
268,Sitka,57.0531,-135.33,48.2,49,1,2.04,clear sky
269,Ulaanbaatar,47.9077,106.8832,30.2,74,75,31.32,light snow
270,Sakakah,29.9697,40.2064,86.0,19,0,16.11,clear sky
271,Meulaboh,4.1363,96.1285,86.32,62,91,6.35,overcast clouds
272,Saskylakh,71.9167,114.0833,14.0,89,100,19.39,overcast clouds
273,Leh,34.1667,77.5833,42.57,27,0,1.97,clear sky
274,Curuca,-0.7289,-47.8481,74.25,96,91,4.0,overcast clouds
275,Jijiang,29.2906,106.2542,69.8,73,20,6.71,few clouds
276,Fairfield,41.2668,-73.3162,48.99,43,1,14.97,clear sky
277,Antalaha,-14.9003,50.2788,81.03,67,72,5.26,broken clouds
278,San Jeronimo,-11.9472,-75.2829,48.87,86,92,0.51,overcast clouds
279,Brownsville,25.9018,-97.4975,73.4,88,90,10.36,overcast clouds
280,San Cristobal,7.7669,-72.225,67.28,83,72,1.63,broken clouds
281,Port Lincoln,-34.7333,135.8667,65.86,63,0,9.44,clear sky
282,Kendallville,41.4414,-85.265,39.0,93,1,2.08,clear sky
283,Corowa,-36.0333,146.3833,69.01,45,0,5.97,clear sky
284,Balsas,-7.5325,-46.0356,72.55,92,100,1.1,overcast clouds
285,Atikokan,48.7555,-91.6216,30.81,50,100,5.99,overcast clouds
286,Marienburg,54.0359,19.0266,43.0,58,85,7.34,overcast clouds
287,Port Hardy,50.6996,-127.4199,46.4,100,40,2.3,scattered clouds
288,Ixtapa,20.7,-105.2,75.99,81,85,1.01,overcast clouds
289,Coihaique,-45.5752,-72.0662,44.58,96,77,5.59,broken clouds
290,Laguna,38.421,-121.4238,50.0,66,1,5.75,clear sky
291,Yarim,14.298,44.3779,61.34,49,82,2.13,broken clouds
292,Mayna,54.1135,47.6231,44.26,52,23,18.9,few clouds
293,Kaitangata,-46.2817,169.8464,46.0,64,95,4.0,overcast clouds
294,Mahebourg,-20.4081,57.7,78.8,83,75,14.97,light rain
295,Hermiston,45.8404,-119.2895,54.0,54,75,11.5,broken clouds
296,Sibolga,1.7427,98.7792,85.82,66,90,5.3,overcast clouds
297,Luquillo,18.3725,-65.7166,78.8,73,75,6.91,broken clouds
298,Pandan,14.0453,124.1694,81.3,65,57,8.55,broken clouds
299,Jalu,29.0331,21.5482,63.46,56,0,7.61,clear sky
300,Souillac,-20.5167,57.5167,78.8,83,75,14.97,light rain
301,Provideniya,64.3833,-173.3,35.6,69,75,2.06,broken clouds
302,Rudnogorsk,57.2639,103.7519,39.83,65,94,14.12,overcast clouds
303,Jasper,37.2001,-94.3502,62.6,55,1,11.5,clear sky
304,Muzhi,65.3667,64.6667,36.32,99,97,6.17,overcast clouds
305,Rocha,-34.4833,-54.3333,56.08,82,48,7.02,scattered clouds
306,Clermont,49.5,2.4167,39.2,81,0,16.11,clear sky
307,Kavaratti,10.5669,72.642,84.61,69,33,6.11,scattered clouds
308,Yuba City,39.1405,-121.6169,50.0,66,1,7.16,clear sky
309,Coihueco,-36.6167,-71.8333,48.2,100,0,5.75,clear sky
310,Beidao,34.5686,105.8933,57.99,13,100,1.99,overcast clouds
311,Pacific Grove,36.6177,-121.9166,51.01,89,99,5.19,overcast clouds
312,Plettenberg Bay,-34.0527,23.3716,65.71,67,100,4.34,overcast clouds
313,Aksarka,66.5606,67.7975,34.29,99,100,13.4,overcast clouds
314,Ratholo,-22.7245,27.572,65.21,22,0,3.67,clear sky
315,Suntar,62.1444,117.6319,30.63,93,100,10.78,snow
316,Nalut,30.3333,10.85,68.86,27,51,17.78,broken clouds
317,Grindavik,63.8424,-22.4338,37.4,93,0,12.66,clear sky
318,Bakchar,57.0186,82.0711,48.97,72,100,7.47,overcast clouds
319,Yuxia,34.0615,108.6291,62.6,72,75,8.95,broken clouds
320,Sarangani,5.4033,125.4636,84.09,72,91,11.79,overcast clouds
321,Ukiah,39.1502,-123.2078,46.4,71,1,2.24,clear sky
322,Russell,32.3502,-85.1999,55.4,76,1,4.61,clear sky
323,Zhongshu,24.5167,103.7667,65.44,76,68,10.0,broken clouds
324,Uyemskiy,64.4743,40.8524,39.2,87,90,6.71,light rain
325,Baganga,7.5739,126.56,81.03,85,100,5.3,light rain
326,Morro Bay,35.3658,-120.8499,53.01,93,100,1.01,overcast clouds
327,Coquimbo,-29.9533,-71.3436,53.6,87,90,3.44,overcast clouds
328,Cabo San Lucas,22.8909,-109.9124,66.99,37,100,11.36,overcast clouds
329,Ust-Tsilma,65.441,52.1498,40.24,92,100,4.52,overcast clouds
330,Silistra,44.1167,27.2667,57.0,35,1,3.0,clear sky
331,Kodinsk,58.6881,99.1844,40.96,61,100,10.29,overcast clouds
332,Bilma,18.6853,12.9164,90.0,11,0,7.4,clear sky
333,Guanare,9.0418,-69.7421,77.0,83,99,3.44,overcast clouds
334,Lichinga,-13.3128,35.2406,66.2,94,75,8.05,broken clouds
335,Burgeo,47.6167,-57.6152,40.51,83,100,16.67,overcast clouds
336,Nouadhibou,20.931,-17.0347,64.4,82,0,13.8,clear sky
337,Yeppoon,-23.1333,150.7333,78.8,38,0,9.22,clear sky
338,Lisakovsk,52.5369,62.4936,53.89,46,100,13.49,overcast clouds
339,Saint-Georges,12.0564,-61.7485,78.8,78,20,13.8,few clouds
340,Noumea,-22.2763,166.4572,78.01,78,75,9.22,broken clouds
341,Saint George,37.1041,-113.5841,70.0,13,1,12.66,clear sky
342,Sanary-Sur-Mer,43.1178,5.8001,61.0,54,87,5.99,overcast clouds
343,Araouane,18.9048,-3.5265,87.49,14,15,5.14,few clouds
344,Ambilobe,-13.2,49.05,84.88,59,16,5.06,few clouds
345,Esperance,-33.8667,121.9,78.8,38,86,11.5,overcast clouds
346,Zavallya,48.2135,30.0156,42.62,75,91,13.4,overcast clouds
347,Kedainiai,55.2883,23.9747,33.8,86,90,10.36,rain and snow
348,Boa Vista,2.8197,-60.6733,78.8,78,75,6.91,broken clouds
349,Hope,33.6671,-93.5916,57.0,63,5,5.75,clear sky
350,Newport,51.5877,-2.9984,39.0,80,21,13.04,few clouds
351,Polunochnoye,60.8697,60.4153,44.62,51,100,8.41,overcast clouds
352,Pisco,-13.7,-76.2167,64.0,88,0,1.14,mist
353,Anjozorobe,-18.4,47.8667,69.8,68,75,9.22,broken clouds
354,Yining,29.0361,114.5636,64.29,92,100,1.77,overcast clouds
355,Harper,4.375,-7.7169,77.2,84,100,2.46,overcast clouds
356,Paso De Los Toros,-32.8167,-56.5167,50.0,93,6,7.2,clear sky
357,Villamontes,-21.25,-63.5,59.13,80,0,2.71,clear sky
358,Kautokeino,69.0125,23.0412,19.69,81,97,3.11,overcast clouds
359,Loandjili,-4.7561,11.8578,77.0,100,40,2.95,scattered clouds
360,Belmonte,-15.8631,-38.8828,73.4,88,20,3.44,few clouds
361,Goryachiy Klyuch,44.6308,39.13,51.01,87,75,4.47,broken clouds
362,Sesheke,-17.4759,24.2968,66.06,60,35,3.27,scattered clouds
363,Oksfjord,70.2396,22.3479,35.6,75,75,5.75,light snow
364,Vanavara,60.34,102.2797,33.3,59,100,13.0,overcast clouds
365,Kruisfontein,-34.0033,24.7314,73.29,36,100,1.59,overcast clouds
366,Ronneby,56.21,15.276,33.8,69,0,3.44,clear sky
367,Kitui,-1.367,38.0106,73.6,70,47,5.97,scattered clouds
368,La Herradura,8.8522,-79.8072,78.01,83,75,5.75,broken clouds
369,Ponta Delgada,37.7333,-25.6667,57.2,88,75,9.22,broken clouds
370,Khandyga,62.6667,135.6,33.15,97,100,6.44,light snow
371,Touros,-5.1989,-35.4608,73.4,100,20,4.61,few clouds
372,Stokmarknes,68.5646,14.9108,35.6,75,75,5.75,broken clouds
373,Carsamba,41.1989,36.7219,51.8,76,75,9.22,light rain
374,Palmer,42.1584,-72.3287,44.01,56,1,17.27,clear sky
375,Matamoros,25.5333,-103.25,72.46,25,88,5.03,overcast clouds
376,Lazaro Cardenas,17.9583,-102.2,74.71,81,92,2.95,overcast clouds
377,Tyrma,50.0833,132.1667,57.99,22,98,6.29,overcast clouds
378,Severnoye,56.3491,78.3619,55.8,42,97,16.04,overcast clouds
379,Belgrade,44.804,20.4651,48.99,76,0,9.22,clear sky
380,Taltal,-25.4,-70.4833,59.95,83,1,1.34,clear sky
381,Hobyo,5.3505,48.5268,86.14,58,91,8.88,overcast clouds
382,Chokurdakh,70.6333,147.9167,30.87,95,100,8.32,light snow
383,Penzance,50.1186,-5.5371,46.0,81,40,26.46,scattered clouds
384,Mwene-Ditu,-7.0,23.45,69.04,89,92,2.82,overcast clouds
385,Kasungu,-13.0333,33.4833,73.33,68,59,8.68,broken clouds
386,Matara,5.9485,80.5353,87.04,64,16,7.29,few clouds
387,Bengkulu,-3.8004,102.2655,83.55,77,80,7.7,broken clouds
388,Bonavista,48.6499,-53.1147,42.01,75,31,3.44,scattered clouds
389,Tamworth,52.634,-1.6959,39.99,85,36,1.01,scattered clouds
390,Ayan,56.45,138.1667,31.71,86,81,4.21,broken clouds
391,Northam,51.0333,-4.2167,41.0,83,6,5.01,clear sky
392,Aykhal,66.0,111.5,14.36,89,100,27.34,light snow
393,Carnarvon,-24.8667,113.6333,86.0,42,5,9.22,clear sky
394,Damaturu,11.747,11.9608,88.88,37,100,7.14,overcast clouds
395,Rafaela,-31.2503,-61.4867,53.01,57,0,0.94,clear sky
396,Avila,40.5833,-5.0,48.2,93,20,4.61,few clouds
397,Albuquerque,35.0845,-106.6511,63.0,14,93,1.52,overcast clouds
398,Ayagoz,47.9714,80.4392,58.57,19,18,3.49,few clouds
399,Upington,-28.4478,21.2561,64.4,34,0,9.22,clear sky
400,Theunissen,-28.411,26.7011,64.18,19,89,5.88,overcast clouds
401,Lompoc,34.6391,-120.4579,51.8,87,100,4.27,overcast clouds
402,Cairns,-16.9167,145.7667,73.99,94,90,14.97,light rain
403,Gawler,-34.6,138.7333,69.01,49,0,7.0,clear sky
404,Porto Belo,-27.1578,-48.5531,72.0,67,51,4.99,broken clouds
405,Yantai,37.5333,121.4,56.46,65,100,10.25,moderate rain
406,Beira,-19.8436,34.8389,78.8,83,40,4.5,scattered clouds
407,Yenagoa,4.9247,6.2642,81.73,79,96,3.91,overcast clouds
408,Komsomolskiy,40.4272,71.7189,77.0,25,0,6.91,clear sky
409,Moroto,2.5345,34.6666,69.87,73,100,4.32,light rain
410,Bandarbeyla,9.4942,50.8122,85.5,60,47,6.85,scattered clouds
411,Ekibastuz,51.6667,75.3667,65.01,37,100,20.2,overcast clouds
412,Jiaocheng,24.6774,116.1389,75.78,71,100,1.57,overcast clouds
413,Ranong,9.9658,98.6348,86.0,74,75,9.22,broken clouds
414,Barcelos,41.5388,-8.6151,55.4,94,20,2.93,few clouds
415,Lieksa,63.3167,30.0167,35.35,87,100,9.8,overcast clouds
416,Ercis,39.0287,43.3586,62.6,39,75,16.11,light rain
417,Dabat,12.9842,37.765,59.56,62,100,3.33,light rain
418,Mundo Nuevo,18.7,-95.5,76.78,92,8,3.24,clear sky
419,Warwick,41.7001,-71.4162,48.2,61,1,11.5,clear sky
420,Tadine,-21.55,167.8833,73.96,73,12,12.82,few clouds
421,Los Llanos De Aridane,28.6585,-17.9182,66.2,68,75,1.14,broken clouds
422,Mount Isa,-20.7333,139.5,89.6,29,90,10.36,overcast clouds
423,Beloha,-25.1667,45.05,85.77,43,0,5.91,clear sky
424,Pangai,-19.8,-174.35,80.6,78,40,6.91,scattered clouds
425,Oxapampa,-10.5775,-75.4017,58.39,97,74,2.21,broken clouds
426,Palu,-0.8917,119.8707,86.43,71,95,3.78,overcast clouds
427,Bombay,19.0144,72.8479,89.6,70,40,12.66,haze
428,Alugan,12.2188,125.4808,81.64,66,11,11.1,few clouds
429,Kamaishi,39.2667,141.8833,51.8,40,75,10.36,broken clouds
430,Benjamin Constant,-4.3831,-70.0311,73.4,100,0,1.07,clear sky
431,Bathsheba,13.2167,-59.5167,77.0,65,20,14.97,few clouds
432,Kihei,20.785,-156.4656,73.4,78,20,19.57,few clouds
433,Sandpoint,48.2766,-116.5533,39.0,93,90,1.9,overcast clouds
434,Pasan,22.85,82.2,101.35,6,100,11.05,overcast clouds
435,Amazar,53.858,120.875,52.21,55,100,5.37,overcast clouds
436,Beyneu,45.3167,55.2,84.43,13,14,21.05,few clouds
437,Riyadh,24.6877,46.7219,91.4,11,20,9.22,few clouds
438,Sisimiut,66.9395,-53.6735,39.92,70,100,8.37,overcast clouds
439,Monster,52.0258,4.175,44.01,81,1,3.44,clear sky
440,Logan Lake,50.4998,-120.8025,44.6,42,20,9.22,few clouds
441,Taoudenni,22.6783,-3.9836,83.23,17,7,9.98,clear sky
442,Narsaq,60.9167,-46.05,48.2,37,75,35.68,light rain
443,Yushala,57.0761,64.2601,50.0,43,40,15.66,scattered clouds
444,Iwamizawa,43.2003,141.7597,46.99,53,75,17.27,broken clouds
445,Ascension,30.2169,-90.9001,59.0,94,1,3.76,clear sky
446,Kudahuvadhoo,2.6708,72.8944,83.3,69,66,4.03,broken clouds
447,Tigil,57.8,158.6667,31.39,87,100,4.36,overcast clouds
448,Alcudia,39.8532,3.1214,60.01,87,16,3.0,few clouds
449,Goias,-15.5807,-49.6362,65.86,78,100,1.28,overcast clouds
450,Luderitz,-26.6481,15.1594,64.6,77,100,1.21,overcast clouds
451,Chumphon,10.3333,98.8333,89.01,74,75,9.22,broken clouds
452,Zhezkazgan,47.8043,67.7144,65.52,34,100,7.74,overcast clouds
453,Badiraguato,25.3667,-107.5167,61.0,83,100,2.46,overcast clouds
454,Marsaxlokk,35.8419,14.5431,60.8,82,0,11.5,clear sky
455,Tanout,14.9709,8.8879,89.08,13,15,7.43,few clouds
456,Karaton,-6.3424,106.1045,91.4,58,20,16.11,few clouds
457,Basoko,1.2391,23.616,74.66,83,100,4.38,overcast clouds
458,Shahr-E Babak,30.1165,55.1186,74.35,23,100,5.39,overcast clouds
459,Edmond,35.6528,-97.4781,68.0,72,2,3.0,clear sky
460,Mata De Sao Joao,-12.5303,-38.2992,78.8,73,40,6.91,scattered clouds
461,Hauterive,46.0901,3.4459,53.6,62,75,3.44,broken clouds
462,Hirara,24.8,125.2833,77.0,53,20,11.5,few clouds
463,Port-Gentil,-0.7193,8.7815,80.6,94,40,6.46,scattered clouds
464,Den Helder,52.9599,4.7593,43.0,65,90,6.91,overcast clouds
465,Alvorada,-12.48,-49.1247,72.41,87,100,3.58,overcast clouds
466,Henties Bay,-22.116,14.2845,60.01,92,4,1.99,clear sky
467,Ulcinj,41.9294,19.2244,55.99,62,0,3.44,clear sky
468,Gavle,60.6745,17.1417,36.0,48,95,4.0,overcast clouds
469,Ocos,14.5094,-92.1933,64.99,90,86,3.2,overcast clouds
470,Amapa,1.0,-52.0,70.86,99,100,0.36,overcast clouds
471,Rio Grande,-32.035,-52.0986,57.99,92,87,14.0,overcast clouds
472,Lagos,6.5833,3.75,78.8,94,20,2.3,few clouds
473,Vilyuysk,63.7553,121.6247,29.73,90,100,11.61,light snow
474,Mogocha,53.7333,119.7667,50.83,55,100,7.36,overcast clouds
475,Qaqortoq,60.7167,-46.0333,48.2,37,75,35.68,light rain
476,Zyryanka,65.75,150.85,27.68,75,23,12.71,few clouds
477,Yaring,6.8662,101.3689,93.2,59,20,9.22,few clouds
478,Necochea,-38.5473,-58.7368,54.0,93,0,1.99,clear sky
479,Skelleftea,64.7507,20.9528,32.0,55,0,11.5,clear sky
480,Rodrigues Alves,-7.738,-72.6509,72.12,98,100,4.45,overcast clouds
481,Toccoa,34.5773,-83.3324,50.0,87,1,3.53,clear sky
482,Kibala,9.1104,18.3463,78.8,69,0,6.91,clear sky
483,Kualakapuas,-3.0091,114.3876,89.6,62,40,3.44,scattered clouds
484,Otjimbingwe,-22.35,16.1333,72.82,25,2,9.33,clear sky
485,Tanushimaru,33.35,130.6833,71.6,28,0,17.27,clear sky
486,Lata,40.1629,-8.3327,57.2,88,40,5.75,light rain
487,Isla Mujeres,21.2311,-86.731,80.01,83,1,6.91,clear sky
488,Vostok,46.4856,135.8833,50.02,25,20,8.41,few clouds
489,San Francisco Del Mar,16.2333,-94.65,82.92,75,100,5.73,overcast clouds
490,Mogzon,51.7435,111.9606,36.1,94,100,18.54,overcast clouds
491,Shache,38.4167,77.2406,75.65,10,0,5.21,clear sky
492,Dargaville,-35.9333,173.8833,56.41,75,97,6.53,light rain
493,Ojo Caliente,22.5708,-102.2519,61.9,49,76,3.58,broken clouds
494,Wenzhou,27.9994,120.6668,72.88,45,27,7.34,scattered clouds
495,Senekal,-28.3197,27.6208,61.74,22,67,6.35,broken clouds
496,Dromolaxia,34.8761,33.586,71.6,60,0,5.75,clear sky
497,San Ramon,37.7799,-121.978,48.0,87,20,6.91,few clouds
498,Olinda,-8.0089,-34.8553,77.0,73,40,6.91,scattered clouds
499,Bilibino,68.0546,166.4372,23.85,88,100,2.06,overcast clouds
500,Ketchikan,55.3422,-131.6461,46.81,63,0,3.58,clear sky
501,Bossangoa,6.4926,17.4552,81.48,57,32,6.76,scattered clouds
502,Krasnoarmeysk,51.0239,45.6969,51.01,36,100,5.01,overcast clouds
503,Gamba,-2.65,10.0,80.24,82,86,3.94,overcast clouds
504,Osypenko,46.9136,36.8253,48.0,100,16,5.99,few clouds
505,Benicarlo,40.4165,0.4271,50.0,91,100,1.99,light rain
506,Elbistan,38.2059,37.1983,71.02,29,1,3.4,clear sky
507,Coahuayana,18.7333,-103.6833,71.65,87,85,3.13,overcast clouds
508,Pacifica,37.6138,-122.4869,51.8,76,20,10.36,few clouds
509,Puerto Maldonado,-12.6,-69.1833,66.65,97,100,5.32,light rain
510,Robertson,36.5167,-86.8667,48.0,93,0,6.8,clear sky
511,Nautla,20.2167,-96.7833,75.65,87,73,3.22,broken clouds
512,Timra,62.487,17.3257,39.99,48,0,18.41,clear sky
513,Mittagong,-34.45,150.45,70.0,49,0,3.18,clear sky
514,Birao,10.2849,22.7882,85.93,45,76,4.05,broken clouds
515,Mechetinskaya,46.7713,40.456,44.01,94,100,13.18,overcast clouds
516,Rio Gallegos,-51.6226,-69.2181,50.0,57,40,11.5,scattered clouds
517,Sinnamary,5.3833,-52.95,76.73,90,100,8.84,light rain
518,Fallon,39.4735,-118.7774,44.6,57,1,17.27,clear sky
519,Norman Wells,65.282,-126.8329,24.8,54,75,5.75,broken clouds
520,Alexandria,31.2156,29.9553,66.2,63,40,16.11,scattered clouds
521,Jiazi,22.8779,116.067,75.47,65,100,19.44,light rain
522,Jos,9.9167,8.9,62.6,88,0,9.22,clear sky
523,Byron Bay,-28.65,153.6167,71.6,64,40,8.05,scattered clouds
524,Kiunga,-6.1219,141.2906,87.51,62,58,4.27,broken clouds
525,Utete,-7.986,38.758,79.99,83,99,2.57,overcast clouds
526,Nhulunbuy,-12.2333,136.7667,78.8,89,40,6.91,moderate rain
527,Turbat,26.0023,63.044,94.66,23,97,2.82,overcast clouds
528,Christchurch,-43.5333,172.6333,57.99,44,95,9.22,overcast clouds
529,Muros,42.7762,-9.0603,52.0,95,72,1.99,broken clouds
530,Umm Lajj,25.0213,37.2685,87.26,40,0,10.07,clear sky
531,Novo Aripuana,-5.1206,-60.3797,72.81,98,82,2.17,broken clouds
532,Verkhnyaya Inta,65.9811,60.3094,45.05,68,100,16.35,overcast clouds
533,Marzuq,14.4,46.4667,83.23,35,12,0.92,few clouds
534,Eureka,40.8021,-124.1637,48.0,93,13,5.68,few clouds
535,Kashmor,28.4333,69.5833,106.88,7,0,6.51,clear sky
536,Dauriya,49.9333,116.8667,59.52,11,75,32.23,broken clouds
537,Ishigaki,24.3448,124.1572,77.0,57,20,11.5,few clouds
538,Gazli,40.1333,63.45,84.99,10,0,20.49,clear sky
539,Westport,41.1415,-73.3579,51.8,50,1,8.05,clear sky
540,Klyuchi,52.2667,79.1667,62.91,33,100,12.15,overcast clouds
541,Artyom,40.4723,50.333,64.4,55,0,13.8,clear sky
542,Qasigiannguit,68.8193,-51.1922,48.2,43,75,18.41,broken clouds
543,Ajdabiya,30.7554,20.2263,64.9,62,0,5.91,clear sky
544,Neiafu,-18.65,-173.9833,78.8,78,40,9.24,scattered clouds
545,Alekseyevsk,57.8406,108.3492,41.22,70,100,7.58,overcast clouds
546,Carutapera,-1.195,-46.02,75.16,91,76,4.52,broken clouds
547,Oudtshoorn,-33.5907,22.2014,57.2,94,0,3.44,clear sky
548,Saravan,39.7196,45.6483,69.8,49,75,4.61,broken clouds
549,Petropavlovsk-Kamchatskiy,53.0452,158.6483,37.4,100,90,6.71,light rain
550,Roald,62.5833,6.1333,39.2,70,0,11.5,clear sky
551,Mariental,-24.6333,17.9667,71.42,25,48,14.65,scattered clouds
552,Lumberton,34.6182,-79.0086,55.4,67,1,5.75,clear sky
553,Chowchilla,37.123,-120.2602,55.4,82,90,3.44,overcast clouds
554,Plastun,44.7561,136.2939,52.56,36,9,6.8,clear sky
555,Rawson,-43.3002,-65.1023,57.36,58,85,13.0,overcast clouds
556,Krasnovishersk,60.4078,57.082,38.77,83,100,8.97,overcast clouds
557,Kahului,20.8947,-156.47,73.4,78,20,19.57,few clouds
558,Bingol,38.8847,40.4939,69.8,52,75,3.44,broken clouds
559,Onega,63.9061,38.1404,35.58,93,100,11.21,overcast clouds
560,Taclobo,12.3074,122.586,82.42,68,17,4.45,few clouds
561,Mahajanga,-15.7167,46.3167,87.8,55,20,8.05,few clouds
562,Saint-Augustin,51.226,-58.6502,33.91,85,100,5.12,overcast clouds
563,Teruel,40.6667,-0.6667,51.8,100,0,3.44,clear sky
564,Kohima,25.6667,94.1167,88.2,14,11,9.31,few clouds
565,Izumo,35.3667,132.7667,60.8,36,0,14.97,clear sky
566,Toora-Khem,52.4675,96.11,42.78,41,100,10.0,overcast clouds
567,Malanje,-9.5402,16.341,69.15,79,9,3.18,clear sky
568,Tamandare,-8.7597,-35.1047,77.47,79,49,4.7,scattered clouds
569,Grand Forks,47.9417,-97.4337,35.6,100,90,6.91,overcast clouds
570,Rozzano,45.3819,9.1606,59.0,55,75,8.05,light rain
571,Palmerston,-12.486,130.9833,91.99,43,20,10.36,few clouds
572,Tignere,7.3667,12.65,76.12,57,79,2.64,broken clouds
573,Arlit,18.7369,7.3853,94.39,9,38,10.78,scattered clouds
574,Bourges,47.25,2.4167,52.0,53,0,13.8,clear sky
575,Kikwit,-5.041,18.8162,75.99,83,94,2.53,overcast clouds
576,Yerbogachen,61.2767,108.0108,27.07,59,100,14.9,overcast clouds
577,Mana,5.6592,-53.7767,75.88,92,99,6.49,overcast clouds
578,Luanda,-8.8368,13.2343,80.6,89,40,3.44,scattered clouds
579,Veinticinco De Mayo,-35.4323,-60.1727,54.0,65,100,1.99,overcast clouds
580,Valdivia,-39.8142,-73.2459,46.4,100,75,1.32,broken clouds
581,Iraucuba,-3.7461,-39.7833,69.12,96,10,3.22,clear sky
582,Misratah,32.3754,15.0925,64.45,70,97,15.59,overcast clouds
583,Udayagiri,20.1333,84.3833,101.46,12,78,2.1,broken clouds
584,Buckingham,51.9997,-0.9878,39.99,71,12,1.99,few clouds
585,Presidencia Roque Saenz Pena,-26.7852,-60.4388,55.0,89,0,4.41,clear sky
586,Florence,43.7667,11.25,57.0,66,40,2.3,light rain
587,Carnduff,49.1667,-101.8009,33.01,90,100,8.99,overcast clouds
588,Arman,59.7,150.1667,26.35,62,4,3.76,clear sky
589,Havoysund,70.9963,24.6622,32.0,93,75,9.22,light snow
590,Guerrero Negro,27.9769,-114.0611,57.97,83,100,9.75,overcast clouds
591,Leua,48.2156,18.6071,46.0,47,100,3.22,overcast clouds
592,Chifeng,42.2683,118.9636,66.74,36,100,13.27,overcast clouds
593,Dhanaula,30.2833,75.5833,101.12,8,0,7.96,clear sky
594,Lardos,36.0942,28.0157,64.0,82,20,20.71,few clouds
595,Jieshi,22.8134,115.8257,74.57,68,100,21.54,light rain
596,Lloydminster,53.2835,-110.0016,32.0,43,20,6.91,few clouds
597,Nara,34.6851,135.8049,66.99,19,0,12.66,clear sky
598,Cruzilia,-21.8386,-44.8083,55.11,79,44,1.43,scattered clouds
599,Chihuahua,28.5,-106.0,66.33,14,100,10.6,overcast clouds
600,Cabedelo,-6.9811,-34.8339,73.4,100,0,4.61,clear sky
601,Sibenik,43.7272,15.9058,59.0,62,0,4.61,clear sky
602,Luganville,-15.5333,167.1667,79.95,84,95,9.62,overcast clouds
603,Mindelo,16.8901,-24.9804,69.8,73,40,11.5,scattered clouds
604,Oyama,36.3,139.8,66.99,19,20,10.36,few clouds
605,Sunrise Manor,36.2111,-115.0731,68.0,24,100,13.8,overcast clouds
606,Padang,-0.9492,100.3543,86.0,70,40,4.61,scattered clouds
607,Deniliquin,-35.5333,144.9667,66.99,48,0,1.01,clear sky
608,Minudasht,37.2289,55.3747,68.0,64,40,4.97,scattered clouds
609,Turayf,31.6725,38.6637,84.2,20,0,11.5,clear sky
610,Derzhavinsk,51.1,66.3167,51.69,73,100,5.73,overcast clouds
611,Vila Velha,-20.3297,-40.2925,75.2,83,0,8.05,clear sky
612,Altay,47.8667,88.1167,46.69,23,24,4.79,few clouds
613,Tarifa,36.0139,-5.607,60.8,88,75,4.61,light rain
614,Yangambi,0.8102,24.4336,73.96,86,100,3.47,overcast clouds
615,Kutum,14.2,24.6667,83.48,9,84,16.84,broken clouds
616,Solikamsk,59.6196,56.7729,37.92,86,100,12.17,overcast clouds
617,Naze,28.3667,129.4833,73.4,68,75,16.11,broken clouds
618,Sorata,-15.7667,-68.6333,41.2,86,62,0.76,broken clouds
619,Tazovskiy,67.4667,78.7,28.72,90,100,15.9,overcast clouds
620,San Pedro,14.35,121.0167,86.0,66,75,9.22,broken clouds
621,Camacha,33.0833,-16.3333,62.6,77,40,16.11,scattered clouds
622,Nemuro,43.3236,145.575,42.8,22,20,10.36,few clouds
623,Big Spring,32.2504,-101.4787,75.99,35,1,20.71,clear sky
624,Lahaina,20.8783,-156.6825,73.4,78,20,19.57,few clouds
625,Orsha,54.5153,30.4053,33.8,80,75,8.95,broken clouds
626,Lakes Entrance,-37.8811,147.981,63.0,67,1,3.0,clear sky
627,El Tarra,8.5756,-73.0949,74.8,97,90,0.51,overcast clouds
628,Pembroke,45.8168,-77.1162,32.0,47,90,10.36,overcast clouds
629,Milton,34.1322,-84.3007,51.01,94,0,5.08,clear sky
630,Auki,-8.7676,160.7034,80.91,82,50,4.45,light rain
631,Marsa Matruh,31.3525,27.2453,64.4,68,20,16.11,few clouds
632,Miraflores,19.2167,-98.8083,66.2,55,75,5.75,broken clouds
633,Manoel Urbano,-8.8389,-69.2597,71.49,99,100,1.63,overcast clouds
634,Pallasovka,50.05,46.8833,51.67,39,100,7.56,overcast clouds
635,Nanchang,28.6833,115.8833,67.15,81,100,2.86,overcast clouds
636,Anchorage,61.2181,-149.9003,46.0,49,1,1.95,clear sky
637,Jiwani,25.05,61.7417,84.88,60,58,6.46,broken clouds
638,Vilhena,-12.7406,-60.1458,66.43,98,100,4.23,overcast clouds
639,Nedjo,9.5046,35.5019,61.81,85,100,0.83,light rain
640,Awjilah,29.1081,21.2869,66.15,50,0,6.31,clear sky
641,Ontario,34.0633,-117.6509,57.2,67,90,13.8,overcast clouds
642,Qui Nhon,13.7667,109.2333,85.3,73,25,13.78,scattered clouds
643,Aguadilla,18.4275,-67.1541,73.0,90,2,1.01,clear sky
644,Aguimes,27.9054,-15.4461,64.0,72,40,4.61,scattered clouds
645,Rapid Valley,44.0625,-103.1463,48.99,66,40,4.61,scattered clouds
646,Stretford,53.45,-2.3167,45.0,93,13,2.3,few clouds
647,Tongren,27.7172,109.1853,65.1,80,100,3.85,overcast clouds
648,Zhicheng,30.2956,111.5047,64.99,71,100,3.18,overcast clouds
649,Otavi,-19.65,17.3333,70.25,25,0,6.58,clear sky
650,Houma,29.5958,-90.7195,59.0,94,1,0.92,clear sky
651,Stillwater,36.1156,-97.0584,69.8,60,1,20.71,clear sky
652,Nipawin,53.3668,-104.0009,32.0,64,20,8.05,few clouds
653,Santa Maria,-29.6842,-53.8069,53.44,76,70,2.93,broken clouds
654,Vasterhaninge,59.1167,18.1,37.0,1,100,16.64,overcast clouds
655,Koscian,52.0883,16.6487,37.99,65,0,4.61,clear sky
656,Aizkraukle,56.6048,25.2553,34.0,97,98,1.99,overcast clouds
657,Hurghada,27.2574,33.8129,80.6,28,0,17.27,clear sky
658,Bezhanitsy,56.9767,29.8907,37.33,73,100,9.6,overcast clouds
659,Leningradskiy,69.3833,178.4167,25.57,92,67,1.14,broken clouds
660,Mushie,-3.0167,16.9,76.78,85,100,3.04,overcast clouds
661,Mandan,46.8267,-100.8896,37.4,100,90,11.5,mist
662,Shingu,33.7333,135.9833,64.4,42,0,18.41,clear sky
663,Halifax,44.6453,-63.5724,48.0,100,100,17.27,overcast clouds
664,Dwarka,22.2394,68.9678,88.43,49,0,9.19,clear sky
665,Aktau,43.65,51.2,60.8,55,0,8.95,clear sky
666,Micheweni,-4.9667,39.8333,82.22,76,76,11.86,broken clouds
667,Cordele,31.9635,-83.7824,59.0,87,1,6.2,clear sky
668,Manaus,-3.1019,-60.025,78.8,89,0,4.61,moderate rain
669,Pamplona,42.8169,-1.6432,55.99,58,75,3.44,broken clouds
670,Moranbah,-22.0016,148.0466,79.63,34,36,12.97,scattered clouds
671,Manitouwadge,49.1215,-85.8403,24.8,86,100,1.14,overcast clouds
672,Cosamaloapan,18.3667,-95.8,74.35,94,9,3.49,clear sky
673,Varhaug,58.6147,5.6457,39.0,75,100,6.33,overcast clouds
674,North Bend,43.4065,-124.2243,46.4,93,90,5.75,overcast clouds
675,Acapulco,16.8634,-99.8901,79.39,71,100,4.45,overcast clouds
676,Hami,42.8,93.45,57.34,8,0,5.23,clear sky
677,Sao Joaquim,-28.2939,-49.9317,45.25,98,19,2.17,few clouds
678,Mayya,61.7333,130.2811,44.6,57,0,2.24,clear sky
679,Avera,33.194,-82.5271,55.4,76,1,6.4,clear sky
680,Yakhroma,56.3,37.4833,41.0,60,0,17.9,clear sky
681,Toba,34.4833,136.85,64.0,47,0,8.01,clear sky
682,Beberibe,-4.1797,-38.1306,77.0,94,0,5.75,light rain
683,Bairiki,1.3292,172.9752,82.4,78,20,5.75,light rain
684,Marathon,44.9,-89.7668,39.2,60,90,14.97,overcast clouds
685,Mokhsogollokh,61.4681,128.9203,38.75,88,100,6.02,overcast clouds
686,Katobu,-4.9408,122.5276,85.12,64,90,0.25,overcast clouds
687,Kenai,60.5544,-151.2583,46.4,53,1,1.97,clear sky
688,Bac Lieu,9.285,105.7244,89.98,59,19,13.04,few clouds
689,Nanzhang,31.7765,111.8386,64.72,71,79,2.06,broken clouds
690,Zhangjiakou,40.81,114.8794,72.16,17,99,17.13,overcast clouds
691,Alta Floresta,-9.8756,-56.0861,69.67,98,98,3.36,overcast clouds
692,Inuvik,68.3499,-133.7218,12.2,79,44,10.36,scattered clouds
693,Lusaka,-15.4067,28.2871,62.6,77,0,3.44,clear sky
694,Camopi,3.1655,-52.3158,72.07,99,100,1.45,moderate rain
695,Nurobod,40.9056,69.8023,77.0,36,0,6.91,clear sky
696,Ola,59.5833,151.2833,27.16,63,29,5.01,scattered clouds
697,Mangit,40.5971,70.9607,78.8,19,0,4.61,clear sky
698,Adelaide,-34.9333,138.6,70.0,59,20,12.66,few clouds
699,Evensk,61.95,159.2333,24.08,87,100,5.68,overcast clouds
700,Chepareria,1.3077,35.2039,68.4,73,100,3.62,light rain
701,Paita,-5.0892,-81.1144,69.4,79,100,12.01,overcast clouds
702,Tolaga Bay,-38.3667,178.3,55.87,67,56,2.51,broken clouds
703,Shenjiamen,29.9576,122.298,63.34,77,18,9.31,few clouds
704,Coxim,-18.5067,-54.76,68.0,97,100,0.92,overcast clouds
705,Caluquembe,-13.7833,14.6833,65.16,55,76,3.62,broken clouds
706,Podgornoye,51.735,39.1496,44.6,53,0,2.24,clear sky
707,Galesong,-5.3166,119.3661,91.4,62,20,10.36,few clouds
